number,title,detail_url,dozierende
052-0603-00L,Tragwerksentwurf I,https://www.vvz.ethz.ch/Vorlesungsverzeichnis/lerneinheit.view?lerneinheitId=194539&semkez=2025W&ansicht=LEHRVERANSTALTUNGEN&lang=de,"P. Block, L. Enrique Monzo"
052-0901-00L,Baugeschichte I,https://www.vvz.ethz.ch/Vorlesungsverzeichnis/lerneinheit.view?lerneinheitId=194814&semkez=2025W&ansicht=LEHRVERANSTALTUNGEN&lang=de,S. Holzer
052-0703-00L,Soziologie I,https://www.vvz.ethz.ch/Vorlesungsverzeichnis/lerneinheit.view?lerneinheitId=195499&semkez=2025W&ansicht=LEHRVERANSTALTUNGEN&lang=de,"N. Bathla, H. Widmer"
052-0803-00L,Architekturgeschichte und -theorie I,https://www.vvz.ethz.ch/Vorlesungsverzeichnis/lerneinheit.view?lerneinheitId=193892&semkez=2025W&ansicht=LEHRVERANSTALTUNGEN&lang=de,"T. Avermaete, M. Delbeke, C. Rachele, P. Ursprung"
052-0601-00L,Baumaterialien I,https://www.vvz.ethz.ch/Vorlesungsverzeichnis/lerneinheit.view?lerneinheitId=194529&semkez=2025W&ansicht=LEHRVERANSTALTUNGEN&lang=de,J. Pauli
052-0605-00L,Computational Design I,https://www.vvz.ethz.ch/Vorlesungsverzeichnis/lerneinheit.view?lerneinheitId=192947&semkez=2025W&ansicht=LEHRVERANSTALTUNGEN&lang=de,"B. Dillenburger, A. Savov"
052-0709-00L,Perspektiven auf Landschaft und Urbane Transformation I,https://www.vvz.ethz.ch/Vorlesungsverzeichnis/lerneinheit.view?lerneinheitId=194898&semkez=2025W&ansicht=LEHRVERANSTALTUNGEN&lang=de,"L. Fink, F. Persyn, C. Schaeben"
052-0501-00L,Entwerfen und Konstruieren I,https://www.vvz.ethz.ch/Vorlesungsverzeichnis/lerneinheit.view?lerneinheitId=193110&semkez=2025W&ansicht=LEHRVERANSTALTUNGEN&lang=de,"R. Boltshauser, D. Mettler, D. Studer"
052-0503-00L,Kunst in Raum und Zeit I,https://www.vvz.ethz.ch/Vorlesungsverzeichnis/lerneinheit.view?lerneinheitId=193961&semkez=2025W&ansicht=LEHRVERANSTALTUNGEN&lang=de,"R. Barba, H. E. Franzen, M. Narula"
052-0607-00L,Tragwerksentwurf III,https://www.vvz.ethz.ch/Vorlesungsverzeichnis/lerneinheit.view?lerneinheitId=193681&semkez=2025W&ansicht=LEHRVERANSTALTUNGEN&lang=de,J. Pauli
052-0805-00L,Architekturgeschichte und -theorie III,https://www.vvz.ethz.ch/Vorlesungsverzeichnis/lerneinheit.view?lerneinheitId=193732&semkez=2025W&ansicht=LEHRVERANSTALTUNGEN&lang=de,"L. Stalder, A. Kalpakci"
052-0635-00L,Computational Design III,https://www.vvz.ethz.ch/Vorlesungsverzeichnis/lerneinheit.view?lerneinheitId=193601&semkez=2025W&ansicht=LEHRVERANSTALTUNGEN&lang=de,"B. Dillenburger, B. Bickel, A. Savov"
151-8009-00L,Building Physics II,https://www.vvz.ethz.ch/Vorlesungsverzeichnis/lerneinheit.view?lerneinheitId=193314&semkez=2025W&ansicht=LEHRVERANSTALTUNGEN&lang=de,"J. Carmeliet, M. Ettlin, A. Rubin"
052-0801-00L,Global History of Urban Design I,https://www.vvz.ethz.ch/Vorlesungsverzeichnis/lerneinheit.view?lerneinheitId=193611&semkez=2025W&ansicht=LEHRVERANSTALTUNGEN&lang=de,"T. Avermaete, N. La Hausse de Lalouviere"
052-0707-00L,Urban Design III,https://www.vvz.ethz.ch/Vorlesungsverzeichnis/lerneinheit.view?lerneinheitId=194255&semkez=2025W&ansicht=LEHRVERANSTALTUNGEN&lang=de,"H. Klumpner, F. T. Salva Rocha Franco"
052-0807-00L,Architekturgeschichte und -theorie V,https://www.vvz.ethz.ch/Vorlesungsverzeichnis/lerneinheit.view?lerneinheitId=193112&semkez=2025W&ansicht=LEHRVERANSTALTUNGEN&lang=de,P. Ursprung
052-0651-00L,Bauprozess I,https://www.vvz.ethz.ch/Vorlesungsverzeichnis/lerneinheit.view?lerneinheitId=192757&semkez=2025W&ansicht=LEHRVERANSTALTUNGEN&lang=de,S. Menz
052-0705-00L,Landschaftsarchitektur I,https://www.vvz.ethz.ch/Vorlesungsverzeichnis/lerneinheit.view?lerneinheitId=192768&semkez=2025W&ansicht=LEHRVERANSTALTUNGEN&lang=de,"M. Uzor, A. Bucher"
052-0609-00L,Energie- und Klimadesign I,https://www.vvz.ethz.ch/Vorlesungsverzeichnis/lerneinheit.view?lerneinheitId=192792&semkez=2025W&ansicht=LEHRVERANSTALTUNGEN&lang=de,"A. Schlüter, I. Hischier"
052-0507-00L,Konstruktion V,https://www.vvz.ethz.ch/Vorlesungsverzeichnis/lerneinheit.view?lerneinheitId=194056&semkez=2025W&ansicht=LEHRVERANSTALTUNGEN&lang=de,"A. Meuwly, A. Comte"
052-0541-25L,Architectural Design III: One to One to One to Ten Thousand  (COMTE/MEUWLY),https://www.vvz.ethz.ch/Vorlesungsverzeichnis/lerneinheit.view?lerneinheitId=194831&semkez=2025W&ansicht=LEHRVERANSTALTUNGEN&lang=de,"M. Kaijima, D. Mettler, A. Meuwly, A. Comte, J. De Vylder, D. Mesa Molina, D. Studer"
052-0545-25L,Architectural Design III: Ready-Unmade: HIL (D. Mesa Molina),https://www.vvz.ethz.ch/Vorlesungsverzeichnis/lerneinheit.view?lerneinheitId=194861&semkez=2025W&ansicht=LEHRVERANSTALTUNGEN&lang=de,"M. Kaijima, D. Mesa Molina, D. Mettler, A. Comte, J. De Vylder, A. Meuwly, D. Studer"
052-0547-25L,Architectural Design III: Do we live a house? Or do we house a life?  (J.De Vylder),https://www.vvz.ethz.ch/Vorlesungsverzeichnis/lerneinheit.view?lerneinheitId=195299&semkez=2025W&ansicht=LEHRVERANSTALTUNGEN&lang=de,"J. De Vylder, M. Kaijima, D. Mettler, A. Comte, D. Mesa Molina, A. Meuwly, D. Studer"
052-0543-25L,Architectural Design III: House Behaviorology in Switzerland – Basel (M.Kaijima),https://www.vvz.ethz.ch/Vorlesungsverzeichnis/lerneinheit.view?lerneinheitId=195300&semkez=2025W&ansicht=LEHRVERANSTALTUNGEN&lang=de,"M. Kaijima, D. Mettler, A. Comte, J. De Vylder, D. Mesa Molina, A. Meuwly, D. Studer"
052-0591-25L,Entwurf V-IX: in Linn (GD L. Bollinger),https://www.vvz.ethz.ch/Vorlesungsverzeichnis/lerneinheit.view?lerneinheitId=195355&semkez=2025W&ansicht=LEHRVERANSTALTUNGEN&lang=de,L. Bollinger
052-0661-25L,Architectural Design V-IX: Soft permanence (GD A. Solanellas Teres / M. Meister / C. Van Noten),https://www.vvz.ethz.ch/Vorlesungsverzeichnis/lerneinheit.view?lerneinheitId=195380&semkez=2025W&ansicht=LEHRVERANSTALTUNGEN&lang=de,"M. Meister, A. Solanellas Teres, C. Van Noten"
052-1103-25L,Architectural Design V-IX: Our House (2) (GD O.Lütjens / T.Padmanabhan),https://www.vvz.ethz.ch/Vorlesungsverzeichnis/lerneinheit.view?lerneinheitId=195404&semkez=2025W&ansicht=LEHRVERANSTALTUNGEN&lang=de,"O. Lütjens, T. Padmanabhan"
052-1107-25L,Entwurf V-IX : sutura  (M. Voser),https://www.vvz.ethz.ch/Vorlesungsverzeichnis/lerneinheit.view?lerneinheitId=195405&semkez=2025W&ansicht=LEHRVERANSTALTUNGEN&lang=de,M. Voser
052-1109-25L,Architectural Design V-IX: Blatten – Building on Unstable Grounds (E. Christ / C. Gantenbein),https://www.vvz.ethz.ch/Vorlesungsverzeichnis/lerneinheit.view?lerneinheitId=195406&semkez=2025W&ansicht=LEHRVERANSTALTUNGEN&lang=de,"E. Christ, C. Gantenbein"
052-1113-25L,Architectural Design V-IX: Exactitude  (A.Theriot),https://www.vvz.ethz.ch/Vorlesungsverzeichnis/lerneinheit.view?lerneinheitId=195410&semkez=2025W&ansicht=LEHRVERANSTALTUNGEN&lang=de,A. Theriot
052-1119-25L,Architectural Design V-IX: Right To Housing (A.Brandlhuber),https://www.vvz.ethz.ch/Vorlesungsverzeichnis/lerneinheit.view?lerneinheitId=195412&semkez=2025W&ansicht=LEHRVERANSTALTUNGEN&lang=de,A. Brandlhuber
052-1121-25L,Architectural Design V-IX: Schoolplay (F. Persyn),https://www.vvz.ethz.ch/Vorlesungsverzeichnis/lerneinheit.view?lerneinheitId=195413&semkez=2025W&ansicht=LEHRVERANSTALTUNGEN&lang=de,F. Persyn
052-1123-25L,Architectural Design V-IX: Climate Echoes: Prime Tower Site (T. Rapelli),https://www.vvz.ethz.ch/Vorlesungsverzeichnis/lerneinheit.view?lerneinheitId=195415&semkez=2025W&ansicht=LEHRVERANSTALTUNGEN&lang=de,T. Rapelli
052-1125-25L,Entwurf V-IX: Kalk  (E.Mosayebi),https://www.vvz.ethz.ch/Vorlesungsverzeichnis/lerneinheit.view?lerneinheitId=195416&semkez=2025W&ansicht=LEHRVERANSTALTUNGEN&lang=de,E. Mosayebi
052-1129-25L,Architectural Design V-IX: Delos (GD I. Sklavounos),https://www.vvz.ethz.ch/Vorlesungsverzeichnis/lerneinheit.view?lerneinheitId=195417&semkez=2025W&ansicht=LEHRVERANSTALTUNGEN&lang=de,I. I. Sklavounos
052-1131-25L,Architectural Design V-IX: Palais  (A.Fonteyne),https://www.vvz.ethz.ch/Vorlesungsverzeichnis/lerneinheit.view?lerneinheitId=195418&semkez=2025W&ansicht=LEHRVERANSTALTUNGEN&lang=de,A. Fonteyne
052-1133-25L,Architectural Design V - IX: Amalgam (C. Schneider / M. Türtscher),https://www.vvz.ethz.ch/Vorlesungsverzeichnis/lerneinheit.view?lerneinheitId=195419&semkez=2025W&ansicht=LEHRVERANSTALTUNGEN&lang=de,"M. Türtscher, C. Schneider"
052-1137-25L,Architectural Design V-IX: Living Together  (M.Conen),https://www.vvz.ethz.ch/Vorlesungsverzeichnis/lerneinheit.view?lerneinheitId=195458&semkez=2025W&ansicht=LEHRVERANSTALTUNGEN&lang=de,M. Conen
052-1139-25L,Architectural Design V-IX:  Festspiele - Reimagining Performative City Spaces  (H.Klumpner),https://www.vvz.ethz.ch/Vorlesungsverzeichnis/lerneinheit.view?lerneinheitId=195459&semkez=2025W&ansicht=LEHRVERANSTALTUNGEN&lang=de,H. Klumpner
052-1141-25L,Architectural Design V-IX: The Pleasure in Small Things  (A.Caruso),https://www.vvz.ethz.ch/Vorlesungsverzeichnis/lerneinheit.view?lerneinheitId=195460&semkez=2025W&ansicht=LEHRVERANSTALTUNGEN&lang=de,A. Caruso
052-1143-25L,Architectural Design V-IX: Exforma  (GD C. Ferrando Costansa / P. Garrido Arnaiz),https://www.vvz.ethz.ch/Vorlesungsverzeichnis/lerneinheit.view?lerneinheitId=195461&semkez=2025W&ansicht=LEHRVERANSTALTUNGEN&lang=de,"C. Ferrando Costansa, P. Garrido Arnaiz"
052-1145-25L,"Architectural Design V-IX: Hong Kong: 22.39 N, 114.1 E (F. Charbonnet / P. Heiz)",https://www.vvz.ethz.ch/Vorlesungsverzeichnis/lerneinheit.view?lerneinheitId=195462&semkez=2025W&ansicht=LEHRVERANSTALTUNGEN&lang=de,"F. Charbonnet, P. Heiz"
052-1147-25L,Architectural Design V-IX:The Production of Cloud (M. Topalovic),https://www.vvz.ethz.ch/Vorlesungsverzeichnis/lerneinheit.view?lerneinheitId=195463&semkez=2025W&ansicht=LEHRVERANSTALTUNGEN&lang=de,M. Topalovic
052-1153-25L,Architectural Design V-IX: Public House  (A.Puigjaner),https://www.vvz.ethz.ch/Vorlesungsverzeichnis/lerneinheit.view?lerneinheitId=195464&semkez=2025W&ansicht=LEHRVERANSTALTUNGEN&lang=de,A. Puigjaner
052-1111-25L,"Architectural Design V-IX: Stone, Wood, Soil (GD F. Kobayashi / K. Morita / J. Sanada)",https://www.vvz.ethz.ch/Vorlesungsverzeichnis/lerneinheit.view?lerneinheitId=195409&semkez=2025W&ansicht=LEHRVERANSTALTUNGEN&lang=de,"F. Kobayashi, K. Morita, J. Sanada"
052-1115-25L,Architectural Desing V - IX: The Understory (T. Emerson),https://www.vvz.ethz.ch/Vorlesungsverzeichnis/lerneinheit.view?lerneinheitId=196438&semkez=2025W&ansicht=LEHRVERANSTALTUNGEN&lang=de,T. Emerson
052-0923-25L,Entwurf V-IX: Wertvolle Räume – Entwerfen im Baudenkmal (GD S. Bischof/ N. Föhn),https://www.vvz.ethz.ch/Vorlesungsverzeichnis/lerneinheit.view?lerneinheitId=195402&semkez=2025W&ansicht=LEHRVERANSTALTUNGEN&lang=de,"N. Föhn, S. Bischof, S. Langenberg"
052-1181-25L,Architectural Design V-IX: Wallness - Towards new transparencies (GD T. Barrault / C. Pressacco),https://www.vvz.ethz.ch/Vorlesungsverzeichnis/lerneinheit.view?lerneinheitId=197259&semkez=2025W&ansicht=LEHRVERANSTALTUNGEN&lang=de,"C. Pressacco, T.  Barrault"
052-1185-25L,Architectural Design V - IX: Meteora #13 (L. Hovestadt),https://www.vvz.ethz.ch/Vorlesungsverzeichnis/lerneinheit.view?lerneinheitId=197418&semkez=2025W&ansicht=LEHRVERANSTALTUNGEN&lang=de,L. Hovestadt
052-0507-25L,Sprache finden für den Wandel,https://www.vvz.ethz.ch/Vorlesungsverzeichnis/lerneinheit.view?lerneinheitId=195318&semkez=2025W&ansicht=LEHRVERANSTALTUNGEN&lang=de,M. Kupferschmid
052-0511-25L,Planungsstrategien für komplexe Gebäude am Beispiel Gesundheitsbauten,https://www.vvz.ethz.ch/Vorlesungsverzeichnis/lerneinheit.view?lerneinheitId=195319&semkez=2025W&ansicht=LEHRVERANSTALTUNGEN&lang=de,T. Guthknecht
052-0521-25L,3D Scanning and Freeform Modeling,https://www.vvz.ethz.ch/Vorlesungsverzeichnis/lerneinheit.view?lerneinheitId=195338&semkez=2025W&ansicht=LEHRVERANSTALTUNGEN&lang=de,
052-0527-25L,BUK Re-Detailing,https://www.vvz.ethz.ch/Vorlesungsverzeichnis/lerneinheit.view?lerneinheitId=195340&semkez=2025W&ansicht=LEHRVERANSTALTUNGEN&lang=de,
052-0533-25L,Neue konstruktive Orte - Mauerwerk,https://www.vvz.ethz.ch/Vorlesungsverzeichnis/lerneinheit.view?lerneinheitId=195342&semkez=2025W&ansicht=LEHRVERANSTALTUNGEN&lang=de,"I. von Meiss-Leuthold, D. Mettler, D. Studer"
052-0535-25L,Model and Design,https://www.vvz.ethz.ch/Vorlesungsverzeichnis/lerneinheit.view?lerneinheitId=195343&semkez=2025W&ansicht=LEHRVERANSTALTUNGEN&lang=de,"A. Tellini, C. Egli"
052-0537-25L,Freies Zeichnen (HS),https://www.vvz.ethz.ch/Vorlesungsverzeichnis/lerneinheit.view?lerneinheitId=195344&semkez=2025W&ansicht=LEHRVERANSTALTUNGEN&lang=de,H. E. Franzen
052-0557-25L,BUK Konstruktionslabor,https://www.vvz.ethz.ch/Vorlesungsverzeichnis/lerneinheit.view?lerneinheitId=195345&semkez=2025W&ansicht=LEHRVERANSTALTUNGEN&lang=de,
052-0559-25L,Analoge Fotografie,https://www.vvz.ethz.ch/Vorlesungsverzeichnis/lerneinheit.view?lerneinheitId=195346&semkez=2025W&ansicht=LEHRVERANSTALTUNGEN&lang=de,R. Barba
052-0561-25L,Territories of Play - Deep Space,https://www.vvz.ethz.ch/Vorlesungsverzeichnis/lerneinheit.view?lerneinheitId=195347&semkez=2025W&ansicht=LEHRVERANSTALTUNGEN&lang=de,J. Rauber
052-0569-25L,Lecture Series Design and Architecture (Ringvorlesung): IEA Evenings with Guests,https://www.vvz.ethz.ch/Vorlesungsverzeichnis/lerneinheit.view?lerneinheitId=195348&semkez=2025W&ansicht=LEHRVERANSTALTUNGEN&lang=de,A. Fonteyne
052-0579-25L,Understanding Light,https://www.vvz.ethz.ch/Vorlesungsverzeichnis/lerneinheit.view?lerneinheitId=195350&semkez=2025W&ansicht=LEHRVERANSTALTUNGEN&lang=de,"R. Barba, P. Anantha Murthy"
052-0583-25L,Archives of the Living,https://www.vvz.ethz.ch/Vorlesungsverzeichnis/lerneinheit.view?lerneinheitId=195351&semkez=2025W&ansicht=LEHRVERANSTALTUNGEN&lang=de,"A. Caruso, M. Conen"
052-0587-25L,Neu denken: Architekturen der Transformation,https://www.vvz.ethz.ch/Vorlesungsverzeichnis/lerneinheit.view?lerneinheitId=195353&semkez=2025W&ansicht=LEHRVERANSTALTUNGEN&lang=de,
052-0549-25L,Hybrider Modellbau: 3D-Druck für den Entwurf,https://www.vvz.ethz.ch/Vorlesungsverzeichnis/lerneinheit.view?lerneinheitId=195518&semkez=2025W&ansicht=LEHRVERANSTALTUNGEN&lang=de,
052-0599-25L,Territories of Sound,https://www.vvz.ethz.ch/Vorlesungsverzeichnis/lerneinheit.view?lerneinheitId=195818&semkez=2025W&ansicht=LEHRVERANSTALTUNGEN&lang=de,J. Guiness
052-5503-00L,Vibrational Architectures,https://www.vvz.ethz.ch/Vorlesungsverzeichnis/lerneinheit.view?lerneinheitId=195838&semkez=2025W&ansicht=LEHRVERANSTALTUNGEN&lang=de,S. N. Ghantous
052-5505-00L,Moving Images After Linearity,https://www.vvz.ethz.ch/Vorlesungsverzeichnis/lerneinheit.view?lerneinheitId=195839&semkez=2025W&ansicht=LEHRVERANSTALTUNGEN&lang=de,"M. Narula, S. N. Ghantous"
052-5507-00L,Art in Public Space,https://www.vvz.ethz.ch/Vorlesungsverzeichnis/lerneinheit.view?lerneinheitId=195842&semkez=2025W&ansicht=LEHRVERANSTALTUNGEN&lang=de,R. Barba
052-5509-00L,Exhibition as Medium and Space as Situated Context,https://www.vvz.ethz.ch/Vorlesungsverzeichnis/lerneinheit.view?lerneinheitId=195843&semkez=2025W&ansicht=LEHRVERANSTALTUNGEN&lang=de,R. Barba
052-0585-25L,Unveiling Habitats,https://www.vvz.ethz.ch/Vorlesungsverzeichnis/lerneinheit.view?lerneinheitId=195352&semkez=2025W&ansicht=LEHRVERANSTALTUNGEN&lang=de,"F. Gradin, M. Conen"
052-0669-25L,Lehmbau Workshop,https://www.vvz.ethz.ch/Vorlesungsverzeichnis/lerneinheit.view?lerneinheitId=197478&semkez=2025W&ansicht=LEHRVERANSTALTUNGEN&lang=de,I. Hischier
052-0813-25L,"History, Criticism and Theory in Architecture: “Architecture and the Environment: A History",https://www.vvz.ethz.ch/Vorlesungsverzeichnis/lerneinheit.view?lerneinheitId=195384&semkez=2025W&ansicht=LEHRVERANSTALTUNGEN&lang=de,"L. Stalder, L. Groen"
052-0817-25L,Theory of Architecture: The Quest for Identity,https://www.vvz.ethz.ch/Vorlesungsverzeichnis/lerneinheit.view?lerneinheitId=195385&semkez=2025W&ansicht=LEHRVERANSTALTUNGEN&lang=de,
052-0821-25L,Architecture and Photography,https://www.vvz.ethz.ch/Vorlesungsverzeichnis/lerneinheit.view?lerneinheitId=195386&semkez=2025W&ansicht=LEHRVERANSTALTUNGEN&lang=de,T. Wootton
052-0823-25L,History of Art and Architecture:The School of (Sub)Curating,https://www.vvz.ethz.ch/Vorlesungsverzeichnis/lerneinheit.view?lerneinheitId=195388&semkez=2025W&ansicht=LEHRVERANSTALTUNGEN&lang=de,
052-0825-25L,Spezialfragen zur Kunst- und Architekturgeschichte: Architektur im erweiterten Feld,https://www.vvz.ethz.ch/Vorlesungsverzeichnis/lerneinheit.view?lerneinheitId=195389&semkez=2025W&ansicht=LEHRVERANSTALTUNGEN&lang=de,P. Ursprung
052-0827-25L,Seminar History and Theory of Urban Design: 'Sites-and-Services',https://www.vvz.ethz.ch/Vorlesungsverzeichnis/lerneinheit.view?lerneinheitId=195390&semkez=2025W&ansicht=LEHRVERANSTALTUNGEN&lang=de,T. Avermaete
052-0833-25L,"PhD Teaching: The Traveller’s Gaze on Architecture: Medievalism, Orientalism, Nationalism",https://www.vvz.ethz.ch/Vorlesungsverzeichnis/lerneinheit.view?lerneinheitId=195391&semkez=2025W&ansicht=LEHRVERANSTALTUNGEN&lang=de,"D. Müller, M. Delbeke, C. Rachele"
052-0839-25L,Back to the Future: Histories and Prospects of Visionary Architecture,https://www.vvz.ethz.ch/Vorlesungsverzeichnis/lerneinheit.view?lerneinheitId=195393&semkez=2025W&ansicht=LEHRVERANSTALTUNGEN&lang=de,D. Vogiatzaki
052-0843-25L,Kunst- und Architekturgeschichte: Räumliche Geschichten kultureller Verschiebung,https://www.vvz.ethz.ch/Vorlesungsverzeichnis/lerneinheit.view?lerneinheitId=195394&semkez=2025W&ansicht=LEHRVERANSTALTUNGEN&lang=de,M. Gnehm
052-0845-25L,Reflexionen über Ausstellungs- und Kunstpraxis heute. Kolonial geprägt? Fokus Graphische Sammlung,https://www.vvz.ethz.ch/Vorlesungsverzeichnis/lerneinheit.view?lerneinheitId=195395&semkez=2025W&ansicht=LEHRVERANSTALTUNGEN&lang=de,P. Ursprung
052-0851-25L,"The Science of Human Settlements: Key Debates on Environment, Urbanisation and Development",https://www.vvz.ethz.ch/Vorlesungsverzeichnis/lerneinheit.view?lerneinheitId=195396&semkez=2025W&ansicht=LEHRVERANSTALTUNGEN&lang=de,E. Häusler
052-0921-25L,PhD Teaching II,https://www.vvz.ethz.ch/Vorlesungsverzeichnis/lerneinheit.view?lerneinheitId=195400&semkez=2025W&ansicht=LEHRVERANSTALTUNGEN&lang=de,M. Delbeke
063-0861-25L,Integrierte Disziplin Geschichte und Theorie der Architektur (GTA),https://www.vvz.ethz.ch/Vorlesungsverzeichnis/lerneinheit.view?lerneinheitId=195682&semkez=2025W&ansicht=LEHRVERANSTALTUNGEN&lang=de,
052-0859-25L,History of Art and Architecture: Special Topics - Conclave: Architecture under Political Disruption,https://www.vvz.ethz.ch/Vorlesungsverzeichnis/lerneinheit.view?lerneinheitId=195798&semkez=2025W&ansicht=LEHRVERANSTALTUNGEN&lang=de,"F. Gigone, M. Delbeke"
052-0725-25L,ACTION! On the Filmed City: Video Games,https://www.vvz.ethz.ch/Vorlesungsverzeichnis/lerneinheit.view?lerneinheitId=195382&semkez=2025W&ansicht=LEHRVERANSTALTUNGEN&lang=de,H. Klumpner
052-0731-25L,"Global Housing Issues, Challenges and Strategies",https://www.vvz.ethz.ch/Vorlesungsverzeichnis/lerneinheit.view?lerneinheitId=195383&semkez=2025W&ansicht=LEHRVERANSTALTUNGEN&lang=de,J. E. Duyne Barenstein
063-0761-25L,Integrierte Disziplin Landschaft und Urbane Studien (LUS),https://www.vvz.ethz.ch/Vorlesungsverzeichnis/lerneinheit.view?lerneinheitId=195658&semkez=2025W&ansicht=LEHRVERANSTALTUNGEN&lang=de,
052-0715-25L,Topology,https://www.vvz.ethz.ch/Vorlesungsverzeichnis/lerneinheit.view?lerneinheitId=196638&semkez=2025W&ansicht=LEHRVERANSTALTUNGEN&lang=de,"M. Vollmer, P. Urech"
101-0577-00L,An Introduction to Sustainable Development in the Built Environment,https://www.vvz.ethz.ch/Vorlesungsverzeichnis/lerneinheit.view?lerneinheitId=193374&semkez=2025W&ansicht=LEHRVERANSTALTUNGEN&lang=de,"G. Habert, A. Komkova"
101-0531-00L,Digital Creativity for Circular Construction,https://www.vvz.ethz.ch/Vorlesungsverzeichnis/lerneinheit.view?lerneinheitId=194830&semkez=2025W&ansicht=LEHRVERANSTALTUNGEN&lang=de,C. De Wolf
052-0615-25L,Bauprozess: Ausführung,https://www.vvz.ethz.ch/Vorlesungsverzeichnis/lerneinheit.view?lerneinheitId=195356&semkez=2025W&ansicht=LEHRVERANSTALTUNGEN&lang=de,M. Eglin
052-0641-25L,Immersive Architecture,https://www.vvz.ethz.ch/Vorlesungsverzeichnis/lerneinheit.view?lerneinheitId=195359&semkez=2025W&ansicht=LEHRVERANSTALTUNGEN&lang=de,"C. Daro, F. Gramazio, M. Kohler"
052-0653-25L,Future Cities Laboratory Indicia 03: Actions and Evidence for Future Settlements,https://www.vvz.ethz.ch/Vorlesungsverzeichnis/lerneinheit.view?lerneinheitId=195378&semkez=2025W&ansicht=LEHRVERANSTALTUNGEN&lang=de,S. Menz
052-0655-25L,Architectural Acoustics,https://www.vvz.ethz.ch/Vorlesungsverzeichnis/lerneinheit.view?lerneinheitId=195379&semkez=2025W&ansicht=LEHRVERANSTALTUNGEN&lang=de,"A. Xydis, C. Frick, J. Strauss"
063-0661-25L,Integrierte Disziplin Technologie in der Architektur (ITA),https://www.vvz.ethz.ch/Vorlesungsverzeichnis/lerneinheit.view?lerneinheitId=195660&semkez=2025W&ansicht=LEHRVERANSTALTUNGEN&lang=de,
052-0911-25L,Repair: Keep in Place,https://www.vvz.ethz.ch/Vorlesungsverzeichnis/lerneinheit.view?lerneinheitId=195397&semkez=2025W&ansicht=LEHRVERANSTALTUNGEN&lang=de,S. Langenberg
052-0913-25L,Denkmalpflege: Schatzalp Keepsake,https://www.vvz.ethz.ch/Vorlesungsverzeichnis/lerneinheit.view?lerneinheitId=195398&semkez=2025W&ansicht=LEHRVERANSTALTUNGEN&lang=de,S. Langenberg
052-0915-25L,Bauaufnahme und Bauforschung,https://www.vvz.ethz.ch/Vorlesungsverzeichnis/lerneinheit.view?lerneinheitId=195399&semkez=2025W&ansicht=LEHRVERANSTALTUNGEN&lang=de,S. Holzer
063-0961-25L,Integrierte Disziplin Denkmalpflege und Bauforschung (IDB),https://www.vvz.ethz.ch/Vorlesungsverzeichnis/lerneinheit.view?lerneinheitId=195679&semkez=2025W&ansicht=LEHRVERANSTALTUNGEN&lang=de,
052-0903-00L,Baugeschichte I,https://www.vvz.ethz.ch/Vorlesungsverzeichnis/lerneinheit.view?lerneinheitId=195758&semkez=2025W&ansicht=LEHRVERANSTALTUNGEN&lang=de,S. Holzer
052-0597-00L,Konstruktion I,https://www.vvz.ethz.ch/Vorlesungsverzeichnis/lerneinheit.view?lerneinheitId=195200&semkez=2025W&ansicht=LEHRVERANSTALTUNGEN&lang=de,"D. Mettler, D. Studer"
052-0665-00L,Tragwerksentwurf I,https://www.vvz.ethz.ch/Vorlesungsverzeichnis/lerneinheit.view?lerneinheitId=195203&semkez=2025W&ansicht=LEHRVERANSTALTUNGEN&lang=de,"P. Block, L. Enrique Monzo"
052-0667-00L,Digitales Entwerfen I,https://www.vvz.ethz.ch/Vorlesungsverzeichnis/lerneinheit.view?lerneinheitId=195204&semkez=2025W&ansicht=LEHRVERANSTALTUNGEN&lang=de,"F. Gramazio, H. Hassan"
052-0593-00L,Studio Foundations I,https://www.vvz.ethz.ch/Vorlesungsverzeichnis/lerneinheit.view?lerneinheitId=195180&semkez=2025W&ansicht=LEHRVERANSTALTUNGEN&lang=de,"R. Boltshauser, M. Delbeke, J. Pauli, M. Voser, P. Block, S. Brückner, D. Bürgy, C. Caccia, M. V. Fernandes Nequinha, B. Germann, F. Gramazio, H. Harmeier, D. Itten, J. Knöpfel, K. Möhring Szeifert, C. M. Puglisi, Y. Rechsteiner, S. Rohr, M. Rösch, A. Schlüter, E. Schneuwly, L. Stähelin, N. Tahiraj, W. S. Toccaceli, L. Ugolini, M. Urbaite, A. Vaynberg, C. Viguera Andreu, N. Wild, J. Zachmann"
052-0595-00L,Vorlesung Foundations I,https://www.vvz.ethz.ch/Vorlesungsverzeichnis/lerneinheit.view?lerneinheitId=195199&semkez=2025W&ansicht=LEHRVERANSTALTUNGEN&lang=de,"L. Bettini Oberkalmsteiner, P. Block, R. Boltshauser, M. Delbeke, F. Gramazio, J. Pauli, A. Schlüter, M. Voser"
052-5501-00L,Künstlerische Grundlagen I,https://www.vvz.ethz.ch/Vorlesungsverzeichnis/lerneinheit.view?lerneinheitId=195202&semkez=2025W&ansicht=LEHRVERANSTALTUNGEN&lang=de,"R. Barba, H. E. Franzen, M. Narula"
052-5510-00L,Praktikum BSc Architektur,https://www.vvz.ethz.ch/Vorlesungsverzeichnis/lerneinheit.view?lerneinheitId=196461&semkez=2025W&ansicht=LEHRVERANSTALTUNGEN&lang=de,P. Block
052-1205-25L,Seminarwoche Herbstsemester 2025,https://www.vvz.ethz.ch/Vorlesungsverzeichnis/lerneinheit.view?lerneinheitId=195465&semkez=2025W&ansicht=LEHRVERANSTALTUNGEN&lang=de,
063-0313-25L,History of Art and Architecture V: Antiquity and Medieval,https://www.vvz.ethz.ch/Vorlesungsverzeichnis/lerneinheit.view?lerneinheitId=195478&semkez=2025W&ansicht=LEHRVERANSTALTUNGEN&lang=de,"C. Rachele, M. Delbeke"
063-0863-25L,Intersectional Histories: How Architectures Were Also Made,https://www.vvz.ethz.ch/Vorlesungsverzeichnis/lerneinheit.view?lerneinheitId=195484&semkez=2025W&ansicht=LEHRVERANSTALTUNGEN&lang=de,A. Hultzsch
063-0801-25L,History of Art and Architecture VII: Burning Down the House: Architecture and Political Dissent,https://www.vvz.ethz.ch/Vorlesungsverzeichnis/lerneinheit.view?lerneinheitId=195485&semkez=2025W&ansicht=LEHRVERANSTALTUNGEN&lang=de,"M. Critchley, M. Delbeke"
063-0803-25L,History and Theory in Architecture IX:Vulcan's Workshop: Architecture and its Myths,https://www.vvz.ethz.ch/Vorlesungsverzeichnis/lerneinheit.view?lerneinheitId=195486&semkez=2025W&ansicht=LEHRVERANSTALTUNGEN&lang=de,"P. Ursprung, L. Schädler Meiler"
063-0805-25L,History and Theory in Architecture IX: 1990s Theories that Inspired Architecture,https://www.vvz.ethz.ch/Vorlesungsverzeichnis/lerneinheit.view?lerneinheitId=195487&semkez=2025W&ansicht=LEHRVERANSTALTUNGEN&lang=de,"C. Nuijsink, M. Novas Ferradas"
063-0807-25L,History and Theory of Architecture IX: Climates of Regionalism,https://www.vvz.ethz.ch/Vorlesungsverzeichnis/lerneinheit.view?lerneinheitId=195488&semkez=2025W&ansicht=LEHRVERANSTALTUNGEN&lang=de,M. Gnehm
063-0901-00L,Konstruktionsgeschichte: Herstellungstechnik und Baustelle,https://www.vvz.ethz.ch/Vorlesungsverzeichnis/lerneinheit.view?lerneinheitId=194794&semkez=2025W&ansicht=LEHRVERANSTALTUNGEN&lang=de,S. Holzer
063-0963-00L,Fallstudien Konstruktionsgeschichte und Bauforschung,https://www.vvz.ethz.ch/Vorlesungsverzeichnis/lerneinheit.view?lerneinheitId=195489&semkez=2025W&ansicht=LEHRVERANSTALTUNGEN&lang=de,S. Holzer
063-0965-00L,Denkmäler der Zukunft,https://www.vvz.ethz.ch/Vorlesungsverzeichnis/lerneinheit.view?lerneinheitId=195743&semkez=2025W&ansicht=LEHRVERANSTALTUNGEN&lang=de,S. Langenberg
103-0569-00L,European Aspects of Spatial Development,https://www.vvz.ethz.ch/Vorlesungsverzeichnis/lerneinheit.view?lerneinheitId=194314&semkez=2025W&ansicht=LEHRVERANSTALTUNGEN&lang=de,A. Peric Momcilovic
063-0703-25L,"Architecture of Territory: Territorial Design in Histories, Theories and Projects",https://www.vvz.ethz.ch/Vorlesungsverzeichnis/lerneinheit.view?lerneinheitId=195198&semkez=2025W&ansicht=LEHRVERANSTALTUNGEN&lang=de,M. Topalovic
151-8007-00L,Urban Physics,https://www.vvz.ethz.ch/Vorlesungsverzeichnis/lerneinheit.view?lerneinheitId=194382&semkez=2025W&ansicht=LEHRVERANSTALTUNGEN&lang=de,"Y. Zhao, D. W. Brunner, A. Rubin, C. Steger, D. A. Strebel, H. Wernli, J. M. Wunderli"
063-0669-00L,Coding Architecture I,https://www.vvz.ethz.ch/Vorlesungsverzeichnis/lerneinheit.view?lerneinheitId=193715&semkez=2025W&ansicht=LEHRVERANSTALTUNGEN&lang=de,"F. Gramazio, G. Casas, M. Kohler, L. Wiedemeier"
063-0417-25L,Architektur und Tragwerk,https://www.vvz.ethz.ch/Vorlesungsverzeichnis/lerneinheit.view?lerneinheitId=195479&semkez=2025W&ansicht=LEHRVERANSTALTUNGEN&lang=de,J. Pauli
063-0601-25L,Bauprozess: Ökonomie,https://www.vvz.ethz.ch/Vorlesungsverzeichnis/lerneinheit.view?lerneinheitId=195480&semkez=2025W&ansicht=LEHRVERANSTALTUNGEN&lang=de,H. Reichel
063-0605-25L,Computational Graphic Statics,https://www.vvz.ethz.ch/Vorlesungsverzeichnis/lerneinheit.view?lerneinheitId=195481&semkez=2025W&ansicht=LEHRVERANSTALTUNGEN&lang=de,P. Block
063-0655-00L,Subject Semester HS25 in the Field of Technogy in Architecture (Schlüter),https://www.vvz.ethz.ch/Vorlesungsverzeichnis/lerneinheit.view?lerneinheitId=194762&semkez=2025W&ansicht=LEHRVERANSTALTUNGEN&lang=de,A. Schlüter
052-1201-00L,Vorbereitungssemester freie Master-Arbeit,https://www.vvz.ethz.ch/Vorlesungsverzeichnis/lerneinheit.view?lerneinheitId=194893&semkez=2025W&ansicht=LEHRVERANSTALTUNGEN&lang=de,
063-0859-00L,Subject Semester in History and Theory of Urban Design: Resourceful Cities,https://www.vvz.ethz.ch/Vorlesungsverzeichnis/lerneinheit.view?lerneinheitId=194834&semkez=2025W&ansicht=LEHRVERANSTALTUNGEN&lang=de,"T. Avermaete, S. Loosen"
063-0853-00L,Fachsemester im Bereich Geschichte und Theorie der Achitektur,https://www.vvz.ethz.ch/Vorlesungsverzeichnis/lerneinheit.view?lerneinheitId=192529&semkez=2025W&ansicht=LEHRVERANSTALTUNGEN&lang=de,P. Ursprung
063-0857-00L,Subject Semester in the Field of History and Theory in Architecture,https://www.vvz.ethz.ch/Vorlesungsverzeichnis/lerneinheit.view?lerneinheitId=194819&semkez=2025W&ansicht=LEHRVERANSTALTUNGEN&lang=de,M. Delbeke
063-0863-00L,Subject Semester: Exhibiting Histories of Swiss Architecture - The Design Methods of Heinz Hossdorf,https://www.vvz.ethz.ch/Vorlesungsverzeichnis/lerneinheit.view?lerneinheitId=196600&semkez=2025W&ansicht=LEHRVERANSTALTUNGEN&lang=de,"L. Stalder, G. Boller"
063-0951-25L,Vertiefungsarbeit Denkmalpflege und Bauforschung (IDB),https://www.vvz.ethz.ch/Vorlesungsverzeichnis/lerneinheit.view?lerneinheitId=195924&semkez=2025W&ansicht=LEHRVERANSTALTUNGEN&lang=de,
063-0551-25L,Vertiefungsarbeit Entwurf und Architektur (IEA),https://www.vvz.ethz.ch/Vorlesungsverzeichnis/lerneinheit.view?lerneinheitId=195920&semkez=2025W&ansicht=LEHRVERANSTALTUNGEN&lang=de,
063-0851-25L,Vertiefungsarbeit Geschichte und Theorie der Architektur (GTA),https://www.vvz.ethz.ch/Vorlesungsverzeichnis/lerneinheit.view?lerneinheitId=195923&semkez=2025W&ansicht=LEHRVERANSTALTUNGEN&lang=de,
063-0751-25L,Vertiefungsarbeit Landschaft und Urbane Studien (LUS),https://www.vvz.ethz.ch/Vorlesungsverzeichnis/lerneinheit.view?lerneinheitId=195922&semkez=2025W&ansicht=LEHRVERANSTALTUNGEN&lang=de,
063-0651-25L,Vertiefungsarbeit Technologie in der Architektur (ITA),https://www.vvz.ethz.ch/Vorlesungsverzeichnis/lerneinheit.view?lerneinheitId=195921&semkez=2025W&ansicht=LEHRVERANSTALTUNGEN&lang=de,
063-0141-00L,Master-Arbeit,https://www.vvz.ethz.ch/Vorlesungsverzeichnis/lerneinheit.view?lerneinheitId=193494&semkez=2025W&ansicht=LEHRVERANSTALTUNGEN&lang=de,
052-0592-25L,Artistic Methodologies,https://www.vvz.ethz.ch/Vorlesungsverzeichnis/lerneinheit.view?lerneinheitId=195259&semkez=2025W&ansicht=LEHRVERANSTALTUNGEN&lang=de,R. Barba
063-0649-25L,Architectural Design with Machine Learning,https://www.vvz.ethz.ch/Vorlesungsverzeichnis/lerneinheit.view?lerneinheitId=195482&semkez=2025W&ansicht=LEHRVERANSTALTUNGEN&lang=de,
052-0813-25L,"History, Criticism and Theory in Architecture: “Architecture and the Environment: A History",https://www.vvz.ethz.ch/Vorlesungsverzeichnis/lerneinheit.view?lerneinheitId=195384&semkez=2025W&ansicht=LEHRVERANSTALTUNGEN&lang=de,"L. Stalder, L. Groen"
052-1205-25L,Seminarwoche Herbstsemester 2025,https://www.vvz.ethz.ch/Vorlesungsverzeichnis/lerneinheit.view?lerneinheitId=195465&semkez=2025W&ansicht=LEHRVERANSTALTUNGEN&lang=de,
052-1100-AAL,Entwurf V-IX (Teil 1),https://www.vvz.ethz.ch/Vorlesungsverzeichnis/lerneinheit.view?lerneinheitId=192805&semkez=2025W&ansicht=LEHRVERANSTALTUNGEN&lang=de,
052-1101-AAL,Entwurf V-IX (Teil 2),https://www.vvz.ethz.ch/Vorlesungsverzeichnis/lerneinheit.view?lerneinheitId=192622&semkez=2025W&ansicht=LEHRVERANSTALTUNGEN&lang=de,
079-0200-00L,Nachhaltige Bestandsentwicklung,https://www.vvz.ethz.ch/Vorlesungsverzeichnis/lerneinheit.view?lerneinheitId=194132&semkez=2025W&ansicht=LEHRVERANSTALTUNGEN&lang=de,"S. Langenberg, F. Kastner"
079-0250-00L,Institutionen der Denkmalpflege in der Schweiz,https://www.vvz.ethz.ch/Vorlesungsverzeichnis/lerneinheit.view?lerneinheitId=193459&semkez=2025W&ansicht=LEHRVERANSTALTUNGEN&lang=de,"R. Rehm, R. Frandsen, S. M. Schlachetzki"
079-0251-00L,Digital Heritage,https://www.vvz.ethz.ch/Vorlesungsverzeichnis/lerneinheit.view?lerneinheitId=193481&semkez=2025W&ansicht=LEHRVERANSTALTUNGEN&lang=de,"S. Langenberg, O. Kasap"
079-0252-00L,Zukunft des Bestands,https://www.vvz.ethz.ch/Vorlesungsverzeichnis/lerneinheit.view?lerneinheitId=193501&semkez=2025W&ansicht=LEHRVERANSTALTUNGEN&lang=de,"S. Langenberg, J. Fink"
063-0965-00L,Denkmäler der Zukunft,https://www.vvz.ethz.ch/Vorlesungsverzeichnis/lerneinheit.view?lerneinheitId=195743&semkez=2025W&ansicht=LEHRVERANSTALTUNGEN&lang=de,S. Langenberg
079-0253-00L,Future Monuments - Vertiefung,https://www.vvz.ethz.ch/Vorlesungsverzeichnis/lerneinheit.view?lerneinheitId=197078&semkez=2025W&ansicht=LEHRVERANSTALTUNGEN&lang=de,S. Langenberg
079-0100-00L,Vom Archiv zum denkmalfachlichen Gutachten. Wissenschaftliche Fragen der Denkmalpflegepraxis,https://www.vvz.ethz.ch/Vorlesungsverzeichnis/lerneinheit.view?lerneinheitId=193643&semkez=2025W&ansicht=LEHRVERANSTALTUNGEN&lang=de,S. Langenberg
079-0101-00L,Seminar Texte zur Denkmalpflege,https://www.vvz.ethz.ch/Vorlesungsverzeichnis/lerneinheit.view?lerneinheitId=193808&semkez=2025W&ansicht=LEHRVERANSTALTUNGEN&lang=de,R. Rehm
079-0150-00L,Denkmalrecht,https://www.vvz.ethz.ch/Vorlesungsverzeichnis/lerneinheit.view?lerneinheitId=193623&semkez=2025W&ansicht=LEHRVERANSTALTUNGEN&lang=de,S. Langenberg
079-0151-00L,Theorie und Geschichte der Denkmalpflege,https://www.vvz.ethz.ch/Vorlesungsverzeichnis/lerneinheit.view?lerneinheitId=193809&semkez=2025W&ansicht=LEHRVERANSTALTUNGEN&lang=de,R. Rehm
052-0913-25L,Denkmalpflege: Schatzalp Keepsake,https://www.vvz.ethz.ch/Vorlesungsverzeichnis/lerneinheit.view?lerneinheitId=195398&semkez=2025W&ansicht=LEHRVERANSTALTUNGEN&lang=de,S. Langenberg
701-0015-00L,Transdisciplinary Research: Challenges of Interdisciplinarity and Stakeholder Engagement,https://www.vvz.ethz.ch/Vorlesungsverzeichnis/lerneinheit.view?lerneinheitId=193854&semkez=2025W&ansicht=LEHRVERANSTALTUNGEN&lang=de,"B. Vienni Baptista, C. E. Pohl"
101-0139-00L,Scientific Machine and Deep Learning for Design and Construction,https://www.vvz.ethz.ch/Vorlesungsverzeichnis/lerneinheit.view?lerneinheitId=193669&semkez=2025W&ansicht=LEHRVERANSTALTUNGEN&lang=de,"B. Bickel, A. Müller"
101-1400-01L,Design++ Seminar Series/Kolloquium (autumn semester),https://www.vvz.ethz.ch/Vorlesungsverzeichnis/lerneinheit.view?lerneinheitId=193160&semkez=2025W&ansicht=LEHRVERANSTALTUNGEN&lang=de,"A. Müller, F. Scotto"
052-0521-25L,3D Scanning and Freeform Modeling,https://www.vvz.ethz.ch/Vorlesungsverzeichnis/lerneinheit.view?lerneinheitId=195338&semkez=2025W&ansicht=LEHRVERANSTALTUNGEN&lang=de,
064-0017-00L,More-Than Methodologies: Explorations in Landscape and Urban Research,https://www.vvz.ethz.ch/Vorlesungsverzeichnis/lerneinheit.view?lerneinheitId=195739&semkez=2025W&ansicht=LEHRVERANSTALTUNGEN&lang=de,N. Tümerdem Medaric
064-0025-00L,"Introduction to Computational Research in Architecture, Engineering, Fabrication and Construction",https://www.vvz.ethz.ch/Vorlesungsverzeichnis/lerneinheit.view?lerneinheitId=195738&semkez=2025W&ansicht=LEHRVERANSTALTUNGEN&lang=de,P. Block
064-0013-00L,Research Methods in the History and Theory of Architecture,https://www.vvz.ethz.ch/Vorlesungsverzeichnis/lerneinheit.view?lerneinheitId=195741&semkez=2025W&ansicht=LEHRVERANSTALTUNGEN&lang=de,C. Rachele
064-0005-00L,Advanced Topics in History and Theory of Architecture,https://www.vvz.ethz.ch/Vorlesungsverzeichnis/lerneinheit.view?lerneinheitId=195742&semkez=2025W&ansicht=LEHRVERANSTALTUNGEN&lang=de,"P. Ursprung, T. Avermaete, M. Delbeke, L. Stalder"
064-0015-25L,PhD Colloquium Theory of Information Technology for Architects,https://www.vvz.ethz.ch/Vorlesungsverzeichnis/lerneinheit.view?lerneinheitId=196878&semkez=2025W&ansicht=LEHRVERANSTALTUNGEN&lang=de,L. Hovestadt
900-0100-DRL,Transferable Skills Course I (1-3 days),https://www.vvz.ethz.ch/Vorlesungsverzeichnis/lerneinheit.view?lerneinheitId=194612&semkez=2025W&ansicht=LEHRVERANSTALTUNGEN&lang=de,
900-0101-DRL,Transferable Skills Course II (1-3 days),https://www.vvz.ethz.ch/Vorlesungsverzeichnis/lerneinheit.view?lerneinheitId=194576&semkez=2025W&ansicht=LEHRVERANSTALTUNGEN&lang=de,
900-0102-DRL,Transferable Skills Course III (1-3 days),https://www.vvz.ethz.ch/Vorlesungsverzeichnis/lerneinheit.view?lerneinheitId=194747&semkez=2025W&ansicht=LEHRVERANSTALTUNGEN&lang=de,
900-0103-DRL,"Transferable Skills Course I (1-3 days, with Poster or Talk)",https://www.vvz.ethz.ch/Vorlesungsverzeichnis/lerneinheit.view?lerneinheitId=194748&semkez=2025W&ansicht=LEHRVERANSTALTUNGEN&lang=de,
900-0104-DRL,"Transferable Skills Course II (1-3 days, with Poster or Talk)",https://www.vvz.ethz.ch/Vorlesungsverzeichnis/lerneinheit.view?lerneinheitId=194749&semkez=2025W&ansicht=LEHRVERANSTALTUNGEN&lang=de,
900-0105-DRL,"Transferable Skills Course III (1-3 days, with Poster or Talk)",https://www.vvz.ethz.ch/Vorlesungsverzeichnis/lerneinheit.view?lerneinheitId=194750&semkez=2025W&ansicht=LEHRVERANSTALTUNGEN&lang=de,
900-0106-DRL,Transferable Skills Course I (1 week),https://www.vvz.ethz.ch/Vorlesungsverzeichnis/lerneinheit.view?lerneinheitId=194751&semkez=2025W&ansicht=LEHRVERANSTALTUNGEN&lang=de,
900-0107-DRL,Transferable Skills Course II (1 week),https://www.vvz.ethz.ch/Vorlesungsverzeichnis/lerneinheit.view?lerneinheitId=194752&semkez=2025W&ansicht=LEHRVERANSTALTUNGEN&lang=de,
900-0108-DRL,Transferable Skills Course III (1 week),https://www.vvz.ethz.ch/Vorlesungsverzeichnis/lerneinheit.view?lerneinheitId=194772&semkez=2025W&ansicht=LEHRVERANSTALTUNGEN&lang=de,
900-0109-DRL,"Transferable Skills Course I (1 week, with Poster or Talk)",https://www.vvz.ethz.ch/Vorlesungsverzeichnis/lerneinheit.view?lerneinheitId=194773&semkez=2025W&ansicht=LEHRVERANSTALTUNGEN&lang=de,
900-0110-DRL,"Transferable Skills Course II (1 week, with Poster or Talk)",https://www.vvz.ethz.ch/Vorlesungsverzeichnis/lerneinheit.view?lerneinheitId=194823&semkez=2025W&ansicht=LEHRVERANSTALTUNGEN&lang=de,
900-0111-DRL,"Transferable Skills Course III (1 week, with Poster or Talk)",https://www.vvz.ethz.ch/Vorlesungsverzeichnis/lerneinheit.view?lerneinheitId=194824&semkez=2025W&ansicht=LEHRVERANSTALTUNGEN&lang=de,
900-0112-DRL,Participation in Commission I (min 1 year),https://www.vvz.ethz.ch/Vorlesungsverzeichnis/lerneinheit.view?lerneinheitId=194825&semkez=2025W&ansicht=LEHRVERANSTALTUNGEN&lang=de,
900-0113-DRL,Participation in Commission II (min 1 year),https://www.vvz.ethz.ch/Vorlesungsverzeichnis/lerneinheit.view?lerneinheitId=194549&semkez=2025W&ansicht=LEHRVERANSTALTUNGEN&lang=de,
900-0114-DRL,Member of Executive Board (min 1 year),https://www.vvz.ethz.ch/Vorlesungsverzeichnis/lerneinheit.view?lerneinheitId=194550&semkez=2025W&ansicht=LEHRVERANSTALTUNGEN&lang=de,
052-0925-00L,Ethics and Scientific Integrity for Doctoral Students of D-ARCH,https://www.vvz.ethz.ch/Vorlesungsverzeichnis/lerneinheit.view?lerneinheitId=195403&semkez=2025W&ansicht=LEHRVERANSTALTUNGEN&lang=de,R. Rehm
900-0150-DRL,Summer School I (1-3 days),https://www.vvz.ethz.ch/Vorlesungsverzeichnis/lerneinheit.view?lerneinheitId=192761&semkez=2025W&ansicht=LEHRVERANSTALTUNGEN&lang=de,
900-0151-DRL,Summer School II (1-3 days),https://www.vvz.ethz.ch/Vorlesungsverzeichnis/lerneinheit.view?lerneinheitId=192762&semkez=2025W&ansicht=LEHRVERANSTALTUNGEN&lang=de,
900-0152-DRL,Summer School III (1-3 days),https://www.vvz.ethz.ch/Vorlesungsverzeichnis/lerneinheit.view?lerneinheitId=192764&semkez=2025W&ansicht=LEHRVERANSTALTUNGEN&lang=de,
900-0153-DRL,"Summer School I (1-3 days, with Poster or Talk)",https://www.vvz.ethz.ch/Vorlesungsverzeichnis/lerneinheit.view?lerneinheitId=194274&semkez=2025W&ansicht=LEHRVERANSTALTUNGEN&lang=de,
900-0154-DRL,"Summer School II (1-3 days, with Poster or Talk)",https://www.vvz.ethz.ch/Vorlesungsverzeichnis/lerneinheit.view?lerneinheitId=194275&semkez=2025W&ansicht=LEHRVERANSTALTUNGEN&lang=de,
900-0155-DRL,"Summer School III (1-3 days, with Poster or Talk)",https://www.vvz.ethz.ch/Vorlesungsverzeichnis/lerneinheit.view?lerneinheitId=194676&semkez=2025W&ansicht=LEHRVERANSTALTUNGEN&lang=de,
900-0156-DRL,Summer School I (1 week),https://www.vvz.ethz.ch/Vorlesungsverzeichnis/lerneinheit.view?lerneinheitId=194276&semkez=2025W&ansicht=LEHRVERANSTALTUNGEN&lang=de,
900-0157-DRL,Summer School II (1 week),https://www.vvz.ethz.ch/Vorlesungsverzeichnis/lerneinheit.view?lerneinheitId=194277&semkez=2025W&ansicht=LEHRVERANSTALTUNGEN&lang=de,
900-0158-DRL,Summer School III (1 week),https://www.vvz.ethz.ch/Vorlesungsverzeichnis/lerneinheit.view?lerneinheitId=194278&semkez=2025W&ansicht=LEHRVERANSTALTUNGEN&lang=de,
900-0159-DRL,"Summer School I (1 week, with Poster or Talk)",https://www.vvz.ethz.ch/Vorlesungsverzeichnis/lerneinheit.view?lerneinheitId=194279&semkez=2025W&ansicht=LEHRVERANSTALTUNGEN&lang=de,
900-0160-DRL,"Summer School II (1 week, with Poster or Talk)",https://www.vvz.ethz.ch/Vorlesungsverzeichnis/lerneinheit.view?lerneinheitId=194280&semkez=2025W&ansicht=LEHRVERANSTALTUNGEN&lang=de,
900-0161-DRL,"Summer School III (1 week, with Poster or Talk)",https://www.vvz.ethz.ch/Vorlesungsverzeichnis/lerneinheit.view?lerneinheitId=194298&semkez=2025W&ansicht=LEHRVERANSTALTUNGEN&lang=de,
900-0162-DRL,External Conference I (incl. Poster or Talk),https://www.vvz.ethz.ch/Vorlesungsverzeichnis/lerneinheit.view?lerneinheitId=194593&semkez=2025W&ansicht=LEHRVERANSTALTUNGEN&lang=de,
900-0163-DRL,External Conference II (incl. Poster or Talk),https://www.vvz.ethz.ch/Vorlesungsverzeichnis/lerneinheit.view?lerneinheitId=194702&semkez=2025W&ansicht=LEHRVERANSTALTUNGEN&lang=de,
900-0164-DRL,External Conference III (incl. Poster or Talk),https://www.vvz.ethz.ch/Vorlesungsverzeichnis/lerneinheit.view?lerneinheitId=194703&semkez=2025W&ansicht=LEHRVERANSTALTUNGEN&lang=de,
151-1633-00L,Energy Conversion,https://www.vvz.ethz.ch/Vorlesungsverzeichnis/lerneinheit.view?lerneinheitId=192941&semkez=2025W&ansicht=LEHRVERANSTALTUNGEN&lang=de,"G. Sansavini, S. A. Hosseini, I. Karlin"
401-0203-00L,Mathematics,https://www.vvz.ethz.ch/Vorlesungsverzeichnis/lerneinheit.view?lerneinheitId=193597&semkez=2025W&ansicht=LEHRVERANSTALTUNGEN&lang=de,C. Busch
066-0427-00L,Design and Building Process MIBS,https://www.vvz.ethz.ch/Vorlesungsverzeichnis/lerneinheit.view?lerneinheitId=193036&semkez=2025W&ansicht=LEHRVERANSTALTUNGEN&lang=de,A. Paulus
103-0317-00L,Spatial Planning and Development,https://www.vvz.ethz.ch/Vorlesungsverzeichnis/lerneinheit.view?lerneinheitId=194151&semkez=2025W&ansicht=LEHRVERANSTALTUNGEN&lang=de,"D. Kaufmann, A. Kuitenbrouwer, C. Sinatra"
101-0527-10L,Materials and Constructions,https://www.vvz.ethz.ch/Vorlesungsverzeichnis/lerneinheit.view?lerneinheitId=193850&semkez=2025W&ansicht=LEHRVERANSTALTUNGEN&lang=de,"G. Habert, D. M. L. Ardant"
151-8011-00L,Building Physics: Theory and Applications,https://www.vvz.ethz.ch/Vorlesungsverzeichnis/lerneinheit.view?lerneinheitId=192640&semkez=2025W&ansicht=LEHRVERANSTALTUNGEN&lang=de,"A. Kubilay, X. Zhou, A. Rubin"
363-0389-00L,Technology and Innovation Management,https://www.vvz.ethz.ch/Vorlesungsverzeichnis/lerneinheit.view?lerneinheitId=193620&semkez=2025W&ansicht=LEHRVERANSTALTUNGEN&lang=de,"S. Brusoni, A. Zeijen"
363-0503-00L,Principles of Microeconomics,https://www.vvz.ethz.ch/Vorlesungsverzeichnis/lerneinheit.view?lerneinheitId=193791&semkez=2025W&ansicht=LEHRVERANSTALTUNGEN&lang=de,M. Filippini
151-8007-00L,Urban Physics,https://www.vvz.ethz.ch/Vorlesungsverzeichnis/lerneinheit.view?lerneinheitId=194382&semkez=2025W&ansicht=LEHRVERANSTALTUNGEN&lang=de,"Y. Zhao, D. W. Brunner, A. Rubin, C. Steger, D. A. Strebel, H. Wernli, J. M. Wunderli"
066-0421-00L,Building Systems I,https://www.vvz.ethz.ch/Vorlesungsverzeichnis/lerneinheit.view?lerneinheitId=194084&semkez=2025W&ansicht=LEHRVERANSTALTUNGEN&lang=de,"I. Hischier, L. Baldini, L. O. Grobe, A. Schlüter"
101-0608-00L,Design-Integrated Life Cycle Assessment,https://www.vvz.ethz.ch/Vorlesungsverzeichnis/lerneinheit.view?lerneinheitId=193048&semkez=2025W&ansicht=LEHRVERANSTALTUNGEN&lang=de,"G. Habert, F. Belizario Silva"
151-0209-00L,Renewable Energy Technologies,https://www.vvz.ethz.ch/Vorlesungsverzeichnis/lerneinheit.view?lerneinheitId=192689&semkez=2025W&ansicht=LEHRVERANSTALTUNGEN&lang=de,"A. Bardow, E. Casati"
101-0123-00L,Structural Design,https://www.vvz.ethz.ch/Vorlesungsverzeichnis/lerneinheit.view?lerneinheitId=193615&semkez=2025W&ansicht=LEHRVERANSTALTUNGEN&lang=de,"J. Pauli, F. Bertagna"
151-0909-00L,Chemistry,https://www.vvz.ethz.ch/Vorlesungsverzeichnis/lerneinheit.view?lerneinheitId=194868&semkez=2025W&ansicht=LEHRVERANSTALTUNGEN&lang=de,D. J. Norris
151-0245-00L,Energy Systems Analysis: an Introduction and Overview with Applications,https://www.vvz.ethz.ch/Vorlesungsverzeichnis/lerneinheit.view?lerneinheitId=194818&semkez=2025W&ansicht=LEHRVERANSTALTUNGEN&lang=de,"R. McKenna, P. Burgherr, E. Panos, R. Sacchi"
401-0647-00L,Introduction to Mathematical Optimization,https://www.vvz.ethz.ch/Vorlesungsverzeichnis/lerneinheit.view?lerneinheitId=193704&semkez=2025W&ansicht=LEHRVERANSTALTUNGEN&lang=de,D. Adjiashvili
227-0477-00L,Acoustics I,https://www.vvz.ethz.ch/Vorlesungsverzeichnis/lerneinheit.view?lerneinheitId=193102&semkez=2025W&ansicht=LEHRVERANSTALTUNGEN&lang=de,
101-0577-00L,An Introduction to Sustainable Development in the Built Environment,https://www.vvz.ethz.ch/Vorlesungsverzeichnis/lerneinheit.view?lerneinheitId=193374&semkez=2025W&ansicht=LEHRVERANSTALTUNGEN&lang=de,"G. Habert, A. Komkova"
101-0417-00L,Transport Planning Methods,https://www.vvz.ethz.ch/Vorlesungsverzeichnis/lerneinheit.view?lerneinheitId=193646&semkez=2025W&ansicht=LEHRVERANSTALTUNGEN&lang=de,E. Heinen
363-0387-00L,Corporate Sustainability,https://www.vvz.ethz.ch/Vorlesungsverzeichnis/lerneinheit.view?lerneinheitId=193077&semkez=2025W&ansicht=LEHRVERANSTALTUNGEN&lang=de,"V. Hoffmann, C. Bening-Bach, B. Girod, L. Miehé"
402-0809-00L,Introduction to Computational Physics,https://www.vvz.ethz.ch/Vorlesungsverzeichnis/lerneinheit.view?lerneinheitId=194014&semkez=2025W&ansicht=LEHRVERANSTALTUNGEN&lang=de,A. Adelmann
101-0187-00L,Structural Reliability and Risk Analysis,https://www.vvz.ethz.ch/Vorlesungsverzeichnis/lerneinheit.view?lerneinheitId=193344&semkez=2025W&ansicht=LEHRVERANSTALTUNGEN&lang=de,S. Marelli
701-1346-00L,Climate Change Mitigation: Carbon Dioxide Removal,https://www.vvz.ethz.ch/Vorlesungsverzeichnis/lerneinheit.view?lerneinheitId=193451&semkez=2025W&ansicht=LEHRVERANSTALTUNGEN&lang=de,"N. Gruber, C. Brunner"
363-0565-00L,Principles of Macroeconomics,https://www.vvz.ethz.ch/Vorlesungsverzeichnis/lerneinheit.view?lerneinheitId=193107&semkez=2025W&ansicht=LEHRVERANSTALTUNGEN&lang=de,J.‑E. Sturm
252-0839-00L,Einsatz von Informatikmitteln,https://www.vvz.ethz.ch/Vorlesungsverzeichnis/lerneinheit.view?lerneinheitId=192979&semkez=2025W&ansicht=LEHRVERANSTALTUNGEN&lang=de,"M. Dahinden, L. E. Fässler"
101-0007-00L,Project Management for Construction Projects,https://www.vvz.ethz.ch/Vorlesungsverzeichnis/lerneinheit.view?lerneinheitId=193237&semkez=2025W&ansicht=LEHRVERANSTALTUNGEN&lang=de,"B. Hofer, J. J. Hunhevicz"
103-0569-00L,European Aspects of Spatial Development,https://www.vvz.ethz.ch/Vorlesungsverzeichnis/lerneinheit.view?lerneinheitId=194314&semkez=2025W&ansicht=LEHRVERANSTALTUNGEN&lang=de,A. Peric Momcilovic
851-0252-08L,Evidence-Based Design: Methods and Tools for Evaluating Architectural Design,https://www.vvz.ethz.ch/Vorlesungsverzeichnis/lerneinheit.view?lerneinheitId=193323&semkez=2025W&ansicht=LEHRVERANSTALTUNGEN&lang=de,C. Hölscher
252-0834-00L,Information Systems for Engineers,https://www.vvz.ethz.ch/Vorlesungsverzeichnis/lerneinheit.view?lerneinheitId=194436&semkez=2025W&ansicht=LEHRVERANSTALTUNGEN&lang=de,G. Fourny
052-0707-00L,Urban Design III,https://www.vvz.ethz.ch/Vorlesungsverzeichnis/lerneinheit.view?lerneinheitId=194255&semkez=2025W&ansicht=LEHRVERANSTALTUNGEN&lang=de,"H. Klumpner, F. T. Salva Rocha Franco"
151-3209-00L,Engineering Design Optimization,https://www.vvz.ethz.ch/Vorlesungsverzeichnis/lerneinheit.view?lerneinheitId=192646&semkez=2025W&ansicht=LEHRVERANSTALTUNGEN&lang=de,"K. Shea, T. Stankovic"
101-0139-00L,Scientific Machine and Deep Learning for Design and Construction,https://www.vvz.ethz.ch/Vorlesungsverzeichnis/lerneinheit.view?lerneinheitId=193669&semkez=2025W&ansicht=LEHRVERANSTALTUNGEN&lang=de,"B. Bickel, A. Müller"
102-0327-01L,Implementation of Environmental and Other Sustainability Goals,https://www.vvz.ethz.ch/Vorlesungsverzeichnis/lerneinheit.view?lerneinheitId=194094&semkez=2025W&ansicht=LEHRVERANSTALTUNGEN&lang=de,A. E. Braunschweig
701-1563-00L,Climate Policy,https://www.vvz.ethz.ch/Vorlesungsverzeichnis/lerneinheit.view?lerneinheitId=194115&semkez=2025W&ansicht=LEHRVERANSTALTUNGEN&lang=de,"A. Patt, S. Hanger-Kopp"
151-1633-00L,Energy Conversion,https://www.vvz.ethz.ch/Vorlesungsverzeichnis/lerneinheit.view?lerneinheitId=192941&semkez=2025W&ansicht=LEHRVERANSTALTUNGEN&lang=de,"G. Sansavini, S. A. Hosseini, I. Karlin"
052-0731-25L,"Global Housing Issues, Challenges and Strategies",https://www.vvz.ethz.ch/Vorlesungsverzeichnis/lerneinheit.view?lerneinheitId=195383&semkez=2025W&ansicht=LEHRVERANSTALTUNGEN&lang=de,J. E. Duyne Barenstein
063-0805-25L,History and Theory in Architecture IX: 1990s Theories that Inspired Architecture,https://www.vvz.ethz.ch/Vorlesungsverzeichnis/lerneinheit.view?lerneinheitId=195487&semkez=2025W&ansicht=LEHRVERANSTALTUNGEN&lang=de,"C. Nuijsink, M. Novas Ferradas"
052-0669-25L,Lehmbau Workshop,https://www.vvz.ethz.ch/Vorlesungsverzeichnis/lerneinheit.view?lerneinheitId=197478&semkez=2025W&ansicht=LEHRVERANSTALTUNGEN&lang=de,I. Hischier
066-0425-00L,Integrated Design MIBS,https://www.vvz.ethz.ch/Vorlesungsverzeichnis/lerneinheit.view?lerneinheitId=194052&semkez=2025W&ansicht=LEHRVERANSTALTUNGEN&lang=de,"A. Schlüter, Z. Shi"
101-0531-00L,Digital Creativity for Circular Construction,https://www.vvz.ethz.ch/Vorlesungsverzeichnis/lerneinheit.view?lerneinheitId=194830&semkez=2025W&ansicht=LEHRVERANSTALTUNGEN&lang=de,C. De Wolf
066-0431-00L,Semester Project MIBS,https://www.vvz.ethz.ch/Vorlesungsverzeichnis/lerneinheit.view?lerneinheitId=193403&semkez=2025W&ansicht=LEHRVERANSTALTUNGEN&lang=de,
066-0434-00L,Master's Thesis,https://www.vvz.ethz.ch/Vorlesungsverzeichnis/lerneinheit.view?lerneinheitId=193109&semkez=2025W&ansicht=LEHRVERANSTALTUNGEN&lang=de,
061-0101-00L,Climate / Water / Soil,https://www.vvz.ethz.ch/Vorlesungsverzeichnis/lerneinheit.view?lerneinheitId=193080&semkez=2025W&ansicht=LEHRVERANSTALTUNGEN&lang=de,"A. Grigg, H. Joos, P. Molnar, S. Di Bert, S. Dötterl, M. G. Fellin, A. Frossard, L. Gobatti, N. Gruber, J. P. Leitão Correia, V. Picotti, J. Riboldi, C. Steger"
061-0103-00L,Plant Ecology,https://www.vvz.ethz.ch/Vorlesungsverzeichnis/lerneinheit.view?lerneinheitId=192546&semkez=2025W&ansicht=LEHRVERANSTALTUNGEN&lang=de,"T. Galí-Izard, A. Gessler, M. Lévesque, J. Luster, C. A. Medina Novoa, A. Rudow, V. Vitali, T. M. Wohlgemuth"
061-0105-00L,Plant Systematics I,https://www.vvz.ethz.ch/Vorlesungsverzeichnis/lerneinheit.view?lerneinheitId=192822&semkez=2025W&ansicht=LEHRVERANSTALTUNGEN&lang=de,S. Hassold
061-0107-00L,Materials and Construction I,https://www.vvz.ethz.ch/Vorlesungsverzeichnis/lerneinheit.view?lerneinheitId=193029&semkez=2025W&ansicht=LEHRVERANSTALTUNGEN&lang=de,"T. Galí-Izard, I. I. Sklavounos"
061-0109-00L,History and Theory of Landscape Architecture I,https://www.vvz.ethz.ch/Vorlesungsverzeichnis/lerneinheit.view?lerneinheitId=192886&semkez=2025W&ansicht=LEHRVERANSTALTUNGEN&lang=de,A. Bucher
061-0111-00L,Ethics in Landscape Architecture,https://www.vvz.ethz.ch/Vorlesungsverzeichnis/lerneinheit.view?lerneinheitId=192884&semkez=2025W&ansicht=LEHRVERANSTALTUNGEN&lang=de,
061-0113-00L,Digital Design Methods I,https://www.vvz.ethz.ch/Vorlesungsverzeichnis/lerneinheit.view?lerneinheitId=194531&semkez=2025W&ansicht=LEHRVERANSTALTUNGEN&lang=de,Z. Ma
061-0120-00L,Digital Design Methods III,https://www.vvz.ethz.ch/Vorlesungsverzeichnis/lerneinheit.view?lerneinheitId=196298&semkez=2025W&ansicht=LEHRVERANSTALTUNGEN&lang=de,"T. Galí-Izard, M. Vollmer"
052-0739-00L,Slow Water: Exploring Keyline Designs in Switzerland,https://www.vvz.ethz.ch/Vorlesungsverzeichnis/lerneinheit.view?lerneinheitId=195820&semkez=2025W&ansicht=LEHRVERANSTALTUNGEN&lang=de,S. Breit
102-0287-00L,River Basin Erosion,https://www.vvz.ethz.ch/Vorlesungsverzeichnis/lerneinheit.view?lerneinheitId=193759&semkez=2025W&ansicht=LEHRVERANSTALTUNGEN&lang=de,P. Molnar
064-0017-00L,More-Than Methodologies: Explorations in Landscape and Urban Research,https://www.vvz.ethz.ch/Vorlesungsverzeichnis/lerneinheit.view?lerneinheitId=195739&semkez=2025W&ansicht=LEHRVERANSTALTUNGEN&lang=de,N. Tümerdem Medaric
052-0813-25L,"History, Criticism and Theory in Architecture: “Architecture and the Environment: A History",https://www.vvz.ethz.ch/Vorlesungsverzeichnis/lerneinheit.view?lerneinheitId=195384&semkez=2025W&ansicht=LEHRVERANSTALTUNGEN&lang=de,"L. Stalder, L. Groen"
052-0731-25L,"Global Housing Issues, Challenges and Strategies",https://www.vvz.ethz.ch/Vorlesungsverzeichnis/lerneinheit.view?lerneinheitId=195383&semkez=2025W&ansicht=LEHRVERANSTALTUNGEN&lang=de,J. E. Duyne Barenstein
052-0715-25L,Topology,https://www.vvz.ethz.ch/Vorlesungsverzeichnis/lerneinheit.view?lerneinheitId=196638&semkez=2025W&ansicht=LEHRVERANSTALTUNGEN&lang=de,"M. Vollmer, P. Urech"
103-0347-00L,Landscape Planning and Environmental Systems,https://www.vvz.ethz.ch/Vorlesungsverzeichnis/lerneinheit.view?lerneinheitId=192752&semkez=2025W&ansicht=LEHRVERANSTALTUNGEN&lang=de,A. Grêt-Regamey
751-2105-00L,Political Ecology of Food and Agriculture,https://www.vvz.ethz.ch/Vorlesungsverzeichnis/lerneinheit.view?lerneinheitId=194055&semkez=2025W&ansicht=LEHRVERANSTALTUNGEN&lang=de,J. Jacobi
701-0019-00L,Readings in Environmental Thinking,https://www.vvz.ethz.ch/Vorlesungsverzeichnis/lerneinheit.view?lerneinheitId=193401&semkez=2025W&ansicht=LEHRVERANSTALTUNGEN&lang=de,J. Ghazoul
701-0553-00L,Landscape Ecology,https://www.vvz.ethz.ch/Vorlesungsverzeichnis/lerneinheit.view?lerneinheitId=192920&semkez=2025W&ansicht=LEHRVERANSTALTUNGEN&lang=de,"L. Pellissier, F. Fopp, S. Gradinaru"
701-1257-00L,European Climate Change,https://www.vvz.ethz.ch/Vorlesungsverzeichnis/lerneinheit.view?lerneinheitId=193174&semkez=2025W&ansicht=LEHRVERANSTALTUNGEN&lang=de,"E. Fischer, J. Rajczak, S. C. Scherrer"
851-0056-00L,Ethics of Nature,https://www.vvz.ethz.ch/Vorlesungsverzeichnis/lerneinheit.view?lerneinheitId=195279&semkez=2025W&ansicht=LEHRVERANSTALTUNGEN&lang=de,T. Lobo
701-1453-00L,Ecological Assessment and Evaluation,https://www.vvz.ethz.ch/Vorlesungsverzeichnis/lerneinheit.view?lerneinheitId=194042&semkez=2025W&ansicht=LEHRVERANSTALTUNGEN&lang=de,F. Knaus
701-1343-00L,Soil-Plant Water Relations,https://www.vvz.ethz.ch/Vorlesungsverzeichnis/lerneinheit.view?lerneinheitId=192501&semkez=2025W&ansicht=LEHRVERANSTALTUNGEN&lang=de,A. Carminati
061-0141-00L,Foundation Studio I,https://www.vvz.ethz.ch/Vorlesungsverzeichnis/lerneinheit.view?lerneinheitId=194456&semkez=2025W&ansicht=LEHRVERANSTALTUNGEN&lang=de,"T. Galí-Izard, C. L. Turett"
061-0143-00L,Advanced Studio,https://www.vvz.ethz.ch/Vorlesungsverzeichnis/lerneinheit.view?lerneinheitId=196718&semkez=2025W&ansicht=LEHRVERANSTALTUNGEN&lang=de,J. A. Ribeiro Ferreira Nunes
061-0153-00L,Praktikumsbericht,https://www.vvz.ethz.ch/Vorlesungsverzeichnis/lerneinheit.view?lerneinheitId=193524&semkez=2025W&ansicht=LEHRVERANSTALTUNGEN&lang=de,T. Galí-Izard
052-0151-25L,Seminar Week Autumn Semester 2025,https://www.vvz.ethz.ch/Vorlesungsverzeichnis/lerneinheit.view?lerneinheitId=195302&semkez=2025W&ansicht=LEHRVERANSTALTUNGEN&lang=de,M. Voser
061-0900-00L,Master's Thesis,https://www.vvz.ethz.ch/Vorlesungsverzeichnis/lerneinheit.view?lerneinheitId=194072&semkez=2025W&ansicht=LEHRVERANSTALTUNGEN&lang=de,
069-0001-00L,Digital Foundations,https://www.vvz.ethz.ch/Vorlesungsverzeichnis/lerneinheit.view?lerneinheitId=192745&semkez=2025W&ansicht=LEHRVERANSTALTUNGEN&lang=de,"B. Dillenburger, F. Gramazio, M. Kohler"
079-0251-00L,Digital Heritage,https://www.vvz.ethz.ch/Vorlesungsverzeichnis/lerneinheit.view?lerneinheitId=193481&semkez=2025W&ansicht=LEHRVERANSTALTUNGEN&lang=de,"S. Langenberg, O. Kasap"
079-0200-00L,Nachhaltige Bestandsentwicklung,https://www.vvz.ethz.ch/Vorlesungsverzeichnis/lerneinheit.view?lerneinheitId=194132&semkez=2025W&ansicht=LEHRVERANSTALTUNGEN&lang=de,"S. Langenberg, F. Kastner"
079-0250-00L,Institutionen der Denkmalpflege in der Schweiz,https://www.vvz.ethz.ch/Vorlesungsverzeichnis/lerneinheit.view?lerneinheitId=193459&semkez=2025W&ansicht=LEHRVERANSTALTUNGEN&lang=de,"R. Rehm, R. Frandsen, S. M. Schlachetzki"
079-0252-00L,Zukunft des Bestands,https://www.vvz.ethz.ch/Vorlesungsverzeichnis/lerneinheit.view?lerneinheitId=193501&semkez=2025W&ansicht=LEHRVERANSTALTUNGEN&lang=de,"S. Langenberg, J. Fink"
063-0965-00L,Denkmäler der Zukunft,https://www.vvz.ethz.ch/Vorlesungsverzeichnis/lerneinheit.view?lerneinheitId=195743&semkez=2025W&ansicht=LEHRVERANSTALTUNGEN&lang=de,S. Langenberg
079-0253-00L,Future Monuments - Vertiefung,https://www.vvz.ethz.ch/Vorlesungsverzeichnis/lerneinheit.view?lerneinheitId=197078&semkez=2025W&ansicht=LEHRVERANSTALTUNGEN&lang=de,S. Langenberg
052-0913-25L,Denkmalpflege: Schatzalp Keepsake,https://www.vvz.ethz.ch/Vorlesungsverzeichnis/lerneinheit.view?lerneinheitId=195398&semkez=2025W&ansicht=LEHRVERANSTALTUNGEN&lang=de,S. Langenberg
079-0303-00L,Methoden-Kolloquium (Masterarbeit),https://www.vvz.ethz.ch/Vorlesungsverzeichnis/lerneinheit.view?lerneinheitId=193436&semkez=2025W&ansicht=LEHRVERANSTALTUNGEN&lang=de,S. M. Schlachetzki
079-0900-00L,Masterarbeit MAS ETH,https://www.vvz.ethz.ch/Vorlesungsverzeichnis/lerneinheit.view?lerneinheitId=195958&semkez=2025W&ansicht=LEHRVERANSTALTUNGEN&lang=de,S. Langenberg
079-0100-00L,Vom Archiv zum denkmalfachlichen Gutachten. Wissenschaftliche Fragen der Denkmalpflegepraxis,https://www.vvz.ethz.ch/Vorlesungsverzeichnis/lerneinheit.view?lerneinheitId=193643&semkez=2025W&ansicht=LEHRVERANSTALTUNGEN&lang=de,S. Langenberg
079-0101-00L,Seminar Texte zur Denkmalpflege,https://www.vvz.ethz.ch/Vorlesungsverzeichnis/lerneinheit.view?lerneinheitId=193808&semkez=2025W&ansicht=LEHRVERANSTALTUNGEN&lang=de,R. Rehm
079-0151-00L,Theorie und Geschichte der Denkmalpflege,https://www.vvz.ethz.ch/Vorlesungsverzeichnis/lerneinheit.view?lerneinheitId=193809&semkez=2025W&ansicht=LEHRVERANSTALTUNGEN&lang=de,R. Rehm
079-0150-00L,Denkmalrecht,https://www.vvz.ethz.ch/Vorlesungsverzeichnis/lerneinheit.view?lerneinheitId=193623&semkez=2025W&ansicht=LEHRVERANSTALTUNGEN&lang=de,S. Langenberg
079-0251-00L,Digital Heritage,https://www.vvz.ethz.ch/Vorlesungsverzeichnis/lerneinheit.view?lerneinheitId=193481&semkez=2025W&ansicht=LEHRVERANSTALTUNGEN&lang=de,"S. Langenberg, O. Kasap"
079-0200-00L,Nachhaltige Bestandsentwicklung,https://www.vvz.ethz.ch/Vorlesungsverzeichnis/lerneinheit.view?lerneinheitId=194132&semkez=2025W&ansicht=LEHRVERANSTALTUNGEN&lang=de,"S. Langenberg, F. Kastner"
079-0250-00L,Institutionen der Denkmalpflege in der Schweiz,https://www.vvz.ethz.ch/Vorlesungsverzeichnis/lerneinheit.view?lerneinheitId=193459&semkez=2025W&ansicht=LEHRVERANSTALTUNGEN&lang=de,"R. Rehm, R. Frandsen, S. M. Schlachetzki"
079-0252-00L,Zukunft des Bestands,https://www.vvz.ethz.ch/Vorlesungsverzeichnis/lerneinheit.view?lerneinheitId=193501&semkez=2025W&ansicht=LEHRVERANSTALTUNGEN&lang=de,"S. Langenberg, J. Fink"
063-0901-00L,Konstruktionsgeschichte: Herstellungstechnik und Baustelle,https://www.vvz.ethz.ch/Vorlesungsverzeichnis/lerneinheit.view?lerneinheitId=194794&semkez=2025W&ansicht=LEHRVERANSTALTUNGEN&lang=de,S. Holzer
079-0353-00L,Vertiefungswoche,https://www.vvz.ethz.ch/Vorlesungsverzeichnis/lerneinheit.view?lerneinheitId=193731&semkez=2025W&ansicht=LEHRVERANSTALTUNGEN&lang=de,S. Langenberg
052-0913-25L,Denkmalpflege: Schatzalp Keepsake,https://www.vvz.ethz.ch/Vorlesungsverzeichnis/lerneinheit.view?lerneinheitId=195398&semkez=2025W&ansicht=LEHRVERANSTALTUNGEN&lang=de,S. Langenberg
079-0900-00L,Masterarbeit MAS ETH,https://www.vvz.ethz.ch/Vorlesungsverzeichnis/lerneinheit.view?lerneinheitId=195958&semkez=2025W&ansicht=LEHRVERANSTALTUNGEN&lang=de,S. Langenberg
079-0303-00L,Methoden-Kolloquium (Masterarbeit),https://www.vvz.ethz.ch/Vorlesungsverzeichnis/lerneinheit.view?lerneinheitId=193436&semkez=2025W&ansicht=LEHRVERANSTALTUNGEN&lang=de,S. M. Schlachetzki
056-0001-01L,Architektur und Stadt I,https://www.vvz.ethz.ch/Vorlesungsverzeichnis/lerneinheit.view?lerneinheitId=194090&semkez=2025W&ansicht=LEHRVERANSTALTUNGEN&lang=de,A. J. Bideau
056-0005-01L,Methoden des wissenschaftlichen Schreibens I,https://www.vvz.ethz.ch/Vorlesungsverzeichnis/lerneinheit.view?lerneinheitId=194344&semkez=2025W&ansicht=LEHRVERANSTALTUNGEN&lang=de,"A. J. Bideau, S. Hefti"
056-0106-00L,Studienreise II,https://www.vvz.ethz.ch/Vorlesungsverzeichnis/lerneinheit.view?lerneinheitId=192877&semkez=2025W&ansicht=LEHRVERANSTALTUNGEN&lang=de,A. J. Bideau
056-0201-01L,Wissenschaftliche Hausarbeit (1),https://www.vvz.ethz.ch/Vorlesungsverzeichnis/lerneinheit.view?lerneinheitId=193683&semkez=2025W&ansicht=LEHRVERANSTALTUNGEN&lang=de,A. J. Bideau
056-0003-01L,Architektur und Stadt III,https://www.vvz.ethz.ch/Vorlesungsverzeichnis/lerneinheit.view?lerneinheitId=194658&semkez=2025W&ansicht=LEHRVERANSTALTUNGEN&lang=de,A. J. Bideau
056-0107-00L,Studienreise II,https://www.vvz.ethz.ch/Vorlesungsverzeichnis/lerneinheit.view?lerneinheitId=194208&semkez=2025W&ansicht=LEHRVERANSTALTUNGEN&lang=de,A. J. Bideau
056-0210-01L,MAS-Arbeit Vorbereitung,https://www.vvz.ethz.ch/Vorlesungsverzeichnis/lerneinheit.view?lerneinheitId=193591&semkez=2025W&ansicht=LEHRVERANSTALTUNGEN&lang=de,A. J. Bideau
078-0100-00L,Core Design and Research Studio I (EPFL),https://www.vvz.ethz.ch/Vorlesungsverzeichnis/lerneinheit.view?lerneinheitId=193940&semkez=2025W&ansicht=LEHRVERANSTALTUNGEN&lang=de,
078-0101-00L,Postproduction I (EPFL),https://www.vvz.ethz.ch/Vorlesungsverzeichnis/lerneinheit.view?lerneinheitId=193941&semkez=2025W&ansicht=LEHRVERANSTALTUNGEN&lang=de,
078-0104-00L,Fieldwork and Workshops (EPFL),https://www.vvz.ethz.ch/Vorlesungsverzeichnis/lerneinheit.view?lerneinheitId=199998&semkez=2025W&ansicht=LEHRVERANSTALTUNGEN&lang=de,
078-0105-00L,Integrated Discipline Cartography (EPFL),https://www.vvz.ethz.ch/Vorlesungsverzeichnis/lerneinheit.view?lerneinheitId=200158&semkez=2025W&ansicht=LEHRVERANSTALTUNGEN&lang=de,
078-0200-00L,"Habitat, Mobility & Society (EPFL)",https://www.vvz.ethz.ch/Vorlesungsverzeichnis/lerneinheit.view?lerneinheitId=193960&semkez=2025W&ansicht=LEHRVERANSTALTUNGEN&lang=de,
078-0202-00L,Landscapes & Ecosystems (EPFL),https://www.vvz.ethz.ch/Vorlesungsverzeichnis/lerneinheit.view?lerneinheitId=194128&semkez=2025W&ansicht=LEHRVERANSTALTUNGEN&lang=de,
078-0207-00L,Systems Thinking in the Age of Transition (EPFL),https://www.vvz.ethz.ch/Vorlesungsverzeichnis/lerneinheit.view?lerneinheitId=194874&semkez=2025W&ansicht=LEHRVERANSTALTUNGEN&lang=de,
078-0300-00L,Urban & Environmental Theory Session (EPFL),https://www.vvz.ethz.ch/Vorlesungsverzeichnis/lerneinheit.view?lerneinheitId=194449&semkez=2025W&ansicht=LEHRVERANSTALTUNGEN&lang=de,
078-0305-00L,Design Theory (EPFL),https://www.vvz.ethz.ch/Vorlesungsverzeichnis/lerneinheit.view?lerneinheitId=200178&semkez=2025W&ansicht=LEHRVERANSTALTUNGEN&lang=de,
900-0005-00L,5 Credit Project,https://www.vvz.ethz.ch/Vorlesungsverzeichnis/lerneinheit.view?lerneinheitId=193217&semkez=2025W&ansicht=LEHRVERANSTALTUNGEN&lang=de,
900-0010-00L,10 Credit Project,https://www.vvz.ethz.ch/Vorlesungsverzeichnis/lerneinheit.view?lerneinheitId=193218&semkez=2025W&ansicht=LEHRVERANSTALTUNGEN&lang=de,
900-0015-00L,15 Credit Project,https://www.vvz.ethz.ch/Vorlesungsverzeichnis/lerneinheit.view?lerneinheitId=193740&semkez=2025W&ansicht=LEHRVERANSTALTUNGEN&lang=de,
900-0020-00L,20 Credit Project,https://www.vvz.ethz.ch/Vorlesungsverzeichnis/lerneinheit.view?lerneinheitId=193645&semkez=2025W&ansicht=LEHRVERANSTALTUNGEN&lang=de,
900-0025-00L,25 Credit Project,https://www.vvz.ethz.ch/Vorlesungsverzeichnis/lerneinheit.view?lerneinheitId=194507&semkez=2025W&ansicht=LEHRVERANSTALTUNGEN&lang=de,
900-0030-00L,30 Credit Project,https://www.vvz.ethz.ch/Vorlesungsverzeichnis/lerneinheit.view?lerneinheitId=193654&semkez=2025W&ansicht=LEHRVERANSTALTUNGEN&lang=de,
900-0060-00L,60 Credit Project,https://www.vvz.ethz.ch/Vorlesungsverzeichnis/lerneinheit.view?lerneinheitId=194268&semkez=2025W&ansicht=LEHRVERANSTALTUNGEN&lang=de,
